mean,std,skewness,kurtosis,entropy,ob_level,os_level,k,clean_gains,r2
0.09428039682539682,0.0023457011746308588,0.0556116905695461,-0.9852328070927858,9.217999142442846,56,-55,0.010000000000000002,[2.53662738],0.839572794743498
